,Dummy_genre,Dummy_intended_use,Dummy_weekly_consumption_hour,Dummy_age,Dummy_male_TF,Dummy_channel,Dummy_join_fee,Dummy_trial_completed
0,1.00E+00,-2.34E-14,0.014862,0.203852,0.903344,0.504003,0.05371,0.888377
1,-7.45E-14,2.73E-01,0.0226,0.042945,0.858137,0.461115,0.040008,0.813282
2,9.34E-01,1.00E+00,0.013566,0.306807,0.898906,0.480158,0.050016,0.975378
